{
  "version": 1,
  "author": "Gabriel Borghi",
  "editor": "wokwi",
  "parts": [
    { "type": "wokwi-breadboard", "id": "bb1", "top": 246.6, "left": -189.2, "attrs": {} },
    { "type": "board-esp32-devkit-c-v4", "id": "esp", "top": -67.2, "left": 81.64, "attrs": {} },
    { "type": "wokwi-dht22", "id": "dht1", "top": -28.5, "left": -139.8, "attrs": {} },
    {
      "type": "wokwi-photoresistor-sensor",
      "id": "ldr1",
      "top": 156.8,
      "left": -172,
      "attrs": {}
    },
    { "type": "wokwi-hc-sr04", "id": "ultrasonic1", "top": 78.3, "left": 312.7, "attrs": {} }
  ],
  "connections": [
    [ "esp:TX", "$serialMonitor:RX", "", [] ],
    [ "esp:RX", "$serialMonitor:TX", "", [] ],
    [ "dht1:GND", "bb1:tn.1", "black", [ "v48", "h-105.6", "v86.4" ] ],
    [ "dht1:VCC", "bb1:tp.1", "red", [ "v19.2", "h-57.6", "v124.8" ] ],
    [ "dht1:SDA", "esp:15", "green", [ "v57.6", "h182.5", "v48", "h134.4", "v-28.8" ] ],
    [ "ldr1:VCC", "bb1:tp.2", "red", [ "h28.8", "v57.6", "h9.6" ] ],
    [ "ldr1:GND", "bb1:tn.2", "black", [ "h48", "v57.2", "h-211.2" ] ],
    [ "esp:34", "ldr1:AO", "green", [ "h-57.45", "v163.2" ] ],
    [ "ultrasonic1:VCC", "bb1:tp.5", "red", [ "v48", "h-28.8" ] ],
    [ "ultrasonic1:TRIG", "esp:5", "green", [ "v-86.4", "h-192.4", "v-38.4" ] ],
    [ "ultrasonic1:ECHO", "esp:18", "green", [ "v-67.2", "h-192.8", "v-67.2" ] ],
    [ "ultrasonic1:GND", "bb1:tn.6", "black", [ "v67.2", "h-481.2" ] ],
    [ "esp:GND.3", "bb1:tn.11", "black", [ "h0" ] ],
    [ "esp:3V3", "bb1:tp.10", "red", [ "h0" ] ]
  ],
  "dependencies": {}
}